{
    "loss": 1.320056438446045,
    "accurracy": 0.8620689511299133
}